{"cameraMode":{"drawMode":0,"name":"Shaded","section":"Shading Mode"},"sceneLighting":true,"audioPlay":false,"sceneViewState":{"showFog":true,"showMaterialUpdate":true,"showSkybox":true,"showFlares":true,"showImageEffects":true,"showParticleSystems":true},"in2DMode":false,"pivot":{"x":239.19808959960938,"y":459.793212890625,"z":-125.2462158203125},"rotation":{"x":-0.00903239194303751,"y":0.9789202213287354,"z":-0.1997595876455307,"w":-0.043123211711645129},"size":870.217529296875,"orthographic":false}